{"cameraMode":{"drawMode":0,"name":"Shaded","section":"Shading Mode"},"sceneLighting":false,"audioPlay":false,"sceneViewState":{"showFog":true,"showMaterialUpdate":false,"showSkybox":false,"showFlares":true,"showImageEffects":true,"showParticleSystems":true},"in2DMode":false,"pivot":{"x":19.245277404785158,"y":-0.010648595169186592,"z":-0.08613122999668122},"rotation":{"x":0.299421489238739,"y":0.18535208702087403,"z":-0.05941716954112053,"w":0.9340562224388123},"size":5.429981708526611,"orthographic":false}