{"cameraMode":{"drawMode":0,"name":"Shaded","section":"Shading Mode"},"sceneLighting":false,"audioPlay":false,"sceneViewState":{"showFog":true,"showMaterialUpdate":false,"showSkybox":false,"showFlares":true,"showImageEffects":true,"showParticleSystems":true},"in2DMode":false,"pivot":{"x":24.669645309448243,"y":0.09777990728616715,"z":-0.4446541368961334},"rotation":{"x":0.28157588839530947,"y":-0.06959220767021179,"z":0.020479746162891389,"w":0.9567928314208984},"size":5.429981708526611,"orthographic":false}