{"cameraMode":{"drawMode":0,"name":"Shaded","section":"Shading Mode"},"sceneLighting":true,"audioPlay":false,"sceneViewState":{"showFog":true,"showMaterialUpdate":false,"showSkybox":true,"showFlares":true,"showImageEffects":true,"showParticleSystems":true},"in2DMode":false,"pivot":{"x":1.429163932800293,"y":4.0521416664123539,"z":3.0118567943573},"rotation":{"x":0.1732112020254135,"y":-0.168106809258461,"z":0.030018968507647516,"w":0.9699674844741821},"size":23.32972526550293,"orthographic":false}